"record_id","RSN","component","split","target_IM_g","native_IM_g","scale_factor","max_IDR","max_PFA_g","RD","collapse","convergence"
"GM001","68","PEL090","train","0.290240933769757","0.290240933769757","1.0","0.009257846579572","0.4633173735669649","0.0005319011109367","False","True"
"GM002","68","PEL180","train","0.2042943267450067","0.2042943267450067","1.0","0.0075659050701414","0.4042965817460142","0.0003661630072452","False","True"
"GM003","125","A-TMZ000","val","0.2861345384472494","0.2861345384472494","1.0","0.0103626198718328","0.6883457520121937","0.000300434750971","False","True"
"GM004","125","A-TMZ270","val","0.3582591406997967","0.3582591406997967","1.0","0.0129497361057609","0.651584463232127","0.0011925652195215","False","True"
"GM005","169","H-DLT262","val","0.3480888196335115","0.3480888196335115","1.0","0.011556971508448","0.6090505626528371","0.0002441855983336","False","True"
"GM006","169","H-DLT352","val","0.7120890683064544","0.7120890683064544","1.0","0.0163156835550678","0.7972185309468918","0.0022743073152046","False","True"
"GM007","174","H-E11140","train","0.2720134975040692","0.2720134975040692","1.0","0.0100066051866002","0.8034819284661839","0.0001111782805295","False","True"
"GM008","174","H-E11230","train","0.238997576339591","0.238997576339591","1.0","0.0095423169111576","0.8523269074012519","0.000270308153299","False","True"
"GM009","721","B-ICC000","train","0.3605275954056443","0.3605275954056443","1.0","0.0107912412345365","0.622826828248256","8.715874775177004e-05","False","True"
"GM010","721","B-ICC090","train","0.2966888335873211","0.2966888335873211","1.0","0.0089899627891099","0.4563219212672678","0.0002256175605248","False","True"
"GM011","725","B-POE270","test","0.3920867087230501","0.3920867087230501","1.0","0.0114646466061978","0.4750322971447412","0.000305690575242","False","True"
"GM012","725","B-POE360","test","0.4874487321426003","0.4874487321426003","1.0","0.0119966781172601","0.6109744892826332","0.0003997107053471","False","True"
"GM013","752","CAP000","train","0.5560162659584231","0.5560162659584231","1.0","0.0166109973658178","0.9626716177825004","0.001546154861107","False","True"
"GM014","752","CAP090","train","0.3178669296346998","0.3178669296346998","1.0","0.0117142808537559","0.70057663271564","0.0001385387112656","False","True"
"GM015","767","G03000","train","0.4188538659764884","0.4188538659764884","1.0","0.0123091023876222","0.7820297021341212","0.0006368351804035","False","True"
"GM016","767","G03090","train","0.4104296694816334","0.4104296694816334","1.0","0.0137781942488577","0.6844562229269031","0.001470498935632","False","True"
"GM017","829","RIO270","train","0.6292028074516708","0.6292028074516708","1.0","0.0190064485756742","0.8596941275688145","0.0018015461727221","False","True"
"GM018","829","RIO360","train","0.5124144884963814","0.5124144884963814","1.0","0.0172017479125702","0.949648492663236","0.0003543617247617","False","True"
"GM019","848","CLW-LN","train","0.2686437560794275","0.2686437560794275","1.0","0.0142737319071298","0.8462583247467003","0.0012319635832504","False","True"
"GM020","848","CLW-TR","train","0.4932824388388774","0.4932824388388774","1.0","0.0125550852826248","0.7538293230390517","0.0010192695524007","False","True"
"GM021","900","YER270","train","0.6102740994622827","0.6102740994622827","1.0","0.0141672447208234","0.618142863337449","0.0016856562104827","False","True"
"GM022","900","YER360","train","0.3982805590560772","0.3982805590560772","1.0","0.0120739962121749","0.5760591986299095","0.0011975475977592","False","True"
"GM023","953","MUL009","train","1.38676955525036","1.38676955525036","1.0","0.0205169214660348","0.8159392503643356","0.0007590438321401","False","True"
"GM024","953","MUL279","train","1.0994225630211358","1.0994225630211358","1.0","0.0218691445122288","0.7587876317961161","0.0053169466257399","False","True"
"GM025","960","LOS000","test","0.4336034533616525","0.4336034533616525","1.0","0.0157561352745934","0.8003351708458549","0.0034163551260922","False","True"
"GM026","960","LOS270","test","0.7858009203741332","0.7858009203741332","1.0","0.0188387799568121","0.8069977738519909","0.0011290594033861","False","True"
"GM027","1111","NIS000","test","0.3546814940353707","0.3546814940353707","1.0","0.0128592073863299","0.7760430668198662","0.0006297950253967","False","True"
"GM028","1111","NIS090","test","0.37610212824093","0.37610212824093","1.0","0.0124487060641383","0.6120081023704161","0.0010648836743836","False","True"
"GM029","1116","SHI000","train","0.333968516931712","0.333968516931712","1.0","0.0111209205273008","0.5767113360934227","0.0002185961775717","False","True"
"GM030","1116","SHI090","train","0.264552650629232","0.264552650629232","1.0","0.0081936543925907","0.4132832077618773","0.0002165234652153","False","True"
"GM031","1148","ARC000","train","0.1454227921899315","0.1454227921899315","1.0","0.0050387899730235","0.3564294664662408","0.0003525873190755","False","True"
"GM032","1148","ARC090","train","0.1296310999204284","0.1296310999204284","1.0","0.0041583065123118","0.2223124798217122","0.0001411931472849","False","True"
"GM033","1158","DZC180","test","0.4959342454317579","0.4959342454317579","1.0","0.0175561258979006","0.794603919050629","0.0031236546770165","False","True"
"GM034","1158","DZC270","test","0.8149324834010588","0.8149324834010588","1.0","0.0168864518180989","0.756670765508386","0.0039853730844121","False","True"
"GM035","1244","CHY101-E","train","0.5496599586242269","0.5496599586242269","1.0","0.0168076563129319","0.7106234415217377","0.0024267569641836","False","True"
"GM036","1244","CHY101-N","train","1.2190574789974256","1.2190574789974256","1.0","0.0290643610228664","0.8909364312464013","0.0067578203068845","False","True"
"GM037","1485","TCU045-E","train","0.3626409576511137","0.3626409576511137","1.0","0.0127837959770347","0.6751708162870103","0.0004535772117094","False","True"
"GM038","1485","TCU045-N","train","0.5003103430329471","0.5003103430329471","1.0","0.0135536207198236","0.6666393279571616","0.0010692593168727","False","True"
"GM039","1602","BOL000","val","0.898169345667361","0.898169345667361","1.0","0.0196977227582156","1.1422542955747896","0.0030738312963496","False","True"
"GM040","1602","BOL090","val","1.3565372014308057","1.3565372014308057","1.0","0.0273711108251438","1.0501228674364531","0.0008296957260405","False","True"
"GM041","1633","ABBAR--L","train","0.4103835649199381","0.4103835649199381","1.0","0.0144974724794905","0.9648951688977234","0.0013382588016889","False","True"
"GM042","1633","ABBAR--T","train","0.6416929592377317","0.6416929592377317","1.0","0.0168130826772877","0.8797300518273862","0.0036354801557172","False","True"
"GM043","1787","HEC000","val","0.4043952705431982","0.4043952705431982","1.0","0.0114671672250291","0.5068393477062834","0.0001371237819728","False","True"
"GM044","1787","HEC090","val","0.4731157338923612","0.4731157338923612","1.0","0.0125051401580889","0.6694774802001988","0.001203680882321","False","True"
